{
  "version": 1,
  "author": "karthik singh",
  "editor": "wokwi",
  "parts": [
    {
      "type": "wokwi-arduino-uno",
      "id": "uno",
      "top": 54.6,
      "left": -46.6,
      "rotate": 90,
      "attrs": {}
    },
    { "type": "wokwi-hc-sr04", "id": "ultrasonic1", "top": 1.5, "left": 274.3, "attrs": {} },
    {
      "type": "wokwi-servo",
      "id": "servo1",
      "top": 219.8,
      "left": 357,
      "rotate": 270,
      "attrs": {}
    },
    {
      "type": "wokwi-lcd1602",
      "id": "lcd1",
      "top": -65.6,
      "left": -490,
      "attrs": { "pins": "i2c" }
    }
  ],
  "connections": [
    [ "ultrasonic1:VCC", "uno:5V", "red", [ "v9.6", "h-105.6", "v-211.2", "h-307.2", "v278.4" ] ],
    [ "ultrasonic1:GND", "uno:GND.1", "black", [ "v19.2", "h8.4", "v9.6" ] ],
    [ "ultrasonic1:ECHO", "uno:10", "green", [ "v67.2", "h-0.8" ] ],
    [ "ultrasonic1:TRIG", "uno:9", "green", [ "v86.4", "h-0.4" ] ],
    [ "servo1:PWM", "uno:3", "green", [ "v-105.6", "h-115" ] ],
    [ "servo1:GND", "uno:GND.1", "black", [ "v-220.8", "h-144" ] ],
    [ "servo1:V+", "uno:5V", "green", [ "v9.6", "h-556.7", "v-192" ] ],
    [ "servo1:PWM", "uno:4", "green", [ "v0", "h38.6", "v-124.8" ] ],
    [ "lcd1:SDA", "uno:A4", "green", [ "h19.2", "v249.4", "h28.8" ] ],
    [ "lcd1:SCL", "uno:A5", "green", [ "h19.2", "v268.5", "h38.4" ] ],
    [ "lcd1:VCC", "uno:5V", "red", [ "h9.6", "v153.5", "h96" ] ],
    [ "lcd1:GND", "uno:GND.3", "black", [ "h19.2", "v144", "h38.4" ] ]
  ],
  "dependencies": {}
}